,smiles_parent,PC_uM_sign,PC_uM_value
0,CCc1nc(N)nc(N)c1-c1ccc(Cl)cc1,,3.7
1,CCc1nc(N)nc(N)c1-c1ccc(Cl)c(Cl)c1,,1.08
2,Cc1nc(N)nc(N)c1-c1ccc(Cl)c(Cl)c1,,1.68
3,CCOCc1nc(N)nc(N)c1-c1ccc(Cl)c(Cl)c1,,12.7
4,Nc1nc(N)c(-c2ccc(Cl)cc2)c(COc2ccc([N+](=O)[O-])cc2)n1,,85.1
5,Nc1nc(N)c(-c2ccc(Cl)c(Cl)c2)c(C=CCc2ccccc2)n1,,0.5
6,Nc1nc(N)c(-c2ccc(Cl)c(Cl)c2)c(COc2ccccc2)n1,,13.5
7,Nc1nc(N)c(-c2ccc(Cl)c(Cl)c2)c(COc2cccc3ccccc23)n1,,3.9
8,Nc1nc(N)c(-c2ccc(Cl)c(Cl)c2)c(C=Cc2ccc3ccccc3c2)n1,,12.8
9,N#CCc1nc(N)nc(N)c1-c1ccc(Cl)cc1,,490.0
10,Nc1nc(N)c(-c2ccc(Cl)cc2)c(C(F)(F)F)n1,>,42.0
11,Nc1nc(N)c(-c2ccc(Cl)cc2)c(CNc2ccc([N+](=O)[O-])cc2)n1,,17.0
12,CCc1nc(N)nc(N)c1-c1ccc(Cl)c([N+](=O)[O-])c1,,0.85
13,CCc1nc(N)nc(N)c1-c1ccc(Cl)c(N=[N+]=[N-])c1,,1.33
14,CCc1nc(N)nc(N)c1-c1ccc(N2CCCCC2)c([N+](=O)[O-])c1,,5.05
15,CCc1nc(N)nc(N)c1-c1ccc(Cl)c([N+]#N)c1,,0.19
16,CCc1nc(N)nc(N)c1-c1ccc(Cl)c(N=NN(C)C)c1,,2.8
17,CCc1nc(N)nc(N)c1-c1ccc(Cl)c(N=CN(C)C)c1,,10.6
18,CCc1nc(N)nc(N)c1-c1ccc(N2CCCCC2)cc1,,12.0
19,CCc1nc(N)nc(N)c1-c1ccc([N+](=O)[O-])c(N(C)Cc2ccccc2)c1,,1.6
20,CCc1nc(N)nc(N)c1-c1ccc(N)c(N(C)Cc2ccccc2)c1,,3.6
21,CCc1nc(N)nc(N)c1-c1ccc([N+](=O)[O-])c(N(CC)Cc2ccccc2)c1,,5.7
22,CCc1nc(N)nc(N)c1-c1ccc([N+](=O)[O-])c(Cc2ccccc2)c1,,1.03
23,CCc1nc(NS(C)(=O)=O)nc(NS(C)(=O)=O)c1-c1ccc(Cl)cc1,,1.4
24,CCc1nc(N)nc(N)c1-c1ccc(Cl)c(N=NN(CCOC(C)=O)Cc2ccccc2)c1,,0.17
25,CCc1nc(N)nc(N)c1-c1ccc(Cl)c(-n2cc(Cc3ccccc3)nn2)c1,,5.18
26,CCc1nc(N)nc(N)c1-c1ccc(Cl)c(-n2cc(-c3ccccc3)nn2)c1,,3.53
27,CCc1nc(N)nc(N)c1-c1ccc(Cl)c(-n2ccnn2)c1,,24.8
28,CCc1nc(N)nc(N)c1-c1ccc(Cl)c([N+]2=NN(Cc3ccccc3)CC2)c1,,13.5
29,CCc1nc(N)nc(N)c1-c1ccc(Cl)c(NC(=O)c2ccccc2)c1,,10.8
30,CCc1nc(N)nc(N)c1-c1ccc(Cl)c(NC(=O)c2cc(OC)c(OC)c(OC)c2)c1,,1.3
31,CCc1nc(N)nc(N)c1-c1ccc(Cl)c(NCc2ccccc2)c1,,0.12
32,CCc1nc(N)nc(N)c1-c1ccc(Cl)c(N(C)Cc2cc(OC)c(OC)c(OC)c2)c1,,1.07
33,CCc1nc(N)nc(N)c1-c1ccc(NCc2ccccc2)c([N+](=O)[O-])c1,,1.03
34,CCc1nc(N)nc(N)c1-c1ccc(N(C)Cc2ccccc2)c([N+](=O)[O-])c1,,1.6
35,CCc1nc(N)nc(N)c1-c1ccc(Cl)c([N+](=O)[O-])c1,,0.85
36,CCc1nc(N)nc(N)c1-c1ccc(NCc2ccc(C(=O)O)cc2)c([N+](=O)[O-])c1,,0.27
37,CCc1nc(N)nc(N)c1-c1ccc(N(C)Cc2ccc(C(=O)O)cc2)c([N+](=O)[O-])c1,,0.27
38,CCc1nc(N)nc(N)c1-c1ccc(N(C)Cc2ccc(C(=O)NC)cc2)c([N+](=O)[O-])c1,,0.46
39,CCc1nc(N)nc(N)c1-c1ccc(N(C)Cc2ccc(C3=NC(C)(C)CO3)cc2)c([N+](=O)[O-])c1,,0.95
40,CCc1nc(N)nc(N)c1-c1ccc(NCc2ccc(C3OCCO3)cc2)c([N+](=O)[O-])c1,,0.93
41,CCc1nc(N)nc(N)c1-c1ccc(NCc2ccc(C(N)=O)cc2)c([N+](=O)[O-])c1,,0.53
42,CCc1nc(N)nc(N)c1-c1ccc(NCc2ccc(C(=O)NC)cc2)c([N+](=O)[O-])c1,,0.58
43,CCc1nc(N)nc(N)c1-c1ccc(NCc2ccc(C(=O)N3CCCCC3)cc2)c([N+](=O)[O-])c1,,2.2
44,CCc1nc(N)nc(N)c1-c1ccc(NCc2ccc(C(=O)N(C)C)cc2)c([N+](=O)[O-])c1,,1.3
45,CCc1nc(N)nc(N)c1-c1ccc(Cl)c(N=NN(C)C)c1,,2.8
46,CCc1nc(N)nc(N)c1-c1ccc(Cl)c(N=CN(C)C)c1,,10.6
47,CCc1nc(N)nc(N)c1-c1ccc(Cl)c(N=NNC)c1,,4.6
48,CCc1nc(N)nc(N)c1-c1ccc(Cl)c(N=NN(C)CC)c1,,14.1
49,CCCN(C)N=Nc1cc(-c2c(N)nc(N)nc2CC)ccc1Cl,,10.2
50,CCc1nc(N)nc(N)c1-c1ccc(Cl)c(N=NN(C)Cc2ccccc2)c1,,2.8
51,CCc1nc(N)nc(N)c1-c1ccc(Cl)c(N=NN(C)CCN(CC)CC)c1,,18.2
52,CCc1nc(N)nc(N)c1-c1ccc(Cl)c(N=NN(CC)CC)c1,,29.3
53,CCc1nc(N)nc(N)c1-c1ccc(Cl)c(N=NN(C(C)(C)C)C(C)(C)C)c1,>,11.0
54,CCc1nc(N)nc(N)c1-c1ccc(Cl)c(N=NN2CCCC2)c1,>,11.0
55,CCc1nc(N)nc(N)c1-c1ccc(Cl)c(N=NN2CCCCC2)c1,,40.4
56,CCc1nc(N)nc(N)c1-c1ccc(Cl)c(N=NN2CCN(C)CC2)c1,,8.5
57,CCc1nc(N)nc(N)c1-c1ccc(Cl)c(N=NN2CCC(O)CC2)c1,,3.3
58,CCc1nc(N)nc(N)c1-c1ccc(Cl)c(N=NN2CCOCC2)c1,,1.7
59,CCc1nc(N)nc(N)c1-c1ccc(Cl)c(N=NN(C)CCO)c1,,3.5
60,CCc1nc(N)nc(N)c1-c1ccc(Cl)c(N=NN(CC)CCO)c1,,11.5
61,CCCN(CCO)N=Nc1cc(-c2c(N)nc(N)nc2CC)ccc1Cl,,2.5
62,CCc1nc(N)nc(N)c1-c1ccc(Cl)c(N=NN(CCO)C(C)(C)C)c1,,4.9
63,CCc1nc(N)nc(N)c1-c1ccc(Cl)c(N=NN(CCO)Cc2ccccc2)c1,,0.26
64,CCc1nc(N)nc(N)c1-c1ccc(Cl)c(N=NN(CCO)CCO)c1,,0.44
65,CCc1nc(N)nc(N)c1-c1ccc(Cl)c(N=NN(CCOC)CCOC)c1,,0.91
66,CCc1nc(N)nc(N)c1-c1ccc(Cl)c(N=NN(C)CC2OCCO2)c1,,0.57
67,CCc1nc(N)nc(N)c1-c1ccc(Cl)c(N=NN2CCc3ccccc3C2)c1,,5.0
68,CCc1nc(N)nc(N)c1-c1ccc(Cl)c(N=NN(CCOC(C)=O)Cc2ccccc2)c1,,0.17
69,CCc1nc(N)nc(N)c1-c1ccc(Cl)c(N=NN(CCOC(C)=O)Cc2ccc(OC)c(OC)c2)c1,,1.4
70,CCc1nc(N)nc(N)c1-c1ccc(Cl)c(N=NN(CCOC(C)=O)Cc2cc(OC)cc(OC)c2)c1,,0.86
71,CCc1nc(N)nc(N)c1-c1ccc(Cl)c(N=NN(CCOC(C)=O)Cc2cc(OC)c(OC)c(OC)c2)c1,,1.5
72,CCc1nc(N)nc(N)c1-c1ccc(Cl)c(N=NN(CCOC(C)=O)Cc2ccccc2F)c1,,92.0
73,CCc1nc(N)nc(N)c1-c1ccc(Cl)c(N=NN(CCOC(C)=O)Cc2cccc(F)c2)c1,,2.22
74,CCc1nc(N)nc(N)c1-c1ccc(Cl)c(N=NN(CCOC(C)=O)Cc2ccc(F)cc2)c1,,1.91
75,CCc1nc(N)nc(N)c1-c1ccc(Cl)c(N=NN(CCOC(C)=O)Cc2ccccc2Cl)c1,,4.7
76,CCc1nc(N)nc(N)c1-c1ccc(Cl)c(N=NN(CCOC(C)=O)Cc2cccc(Cl)c2)c1,,0.58
77,CCc1nc(N)nc(N)c1-c1ccc(Cl)c(N=NN(CCOC(C)=O)Cc2ccc(Cl)cc2)c1,,0.94
78,CCc1nc(N)nc(N)c1-c1ccc(Cl)c(N=NN(CCOC(C)=O)Cc2ccccc2C)c1,,11.08
79,CCc1nc(N)nc(N)c1-c1ccc(Cl)c(N=NN(CCOC(C)=O)Cc2cccc(C)c2)c1,,5.29
80,CCc1nc(N)nc(N)c1-c1ccc(Cl)c(N=NN(CCOC(C)=O)Cc2ccc(C)cc2)c1,,1.7
81,CCc1nc(N)nc(N)c1-c1ccc(Cl)c(N=NN(CCOC(C)=O)Cc2ccc(C(F)(F)F)cc2)c1,,1.35
82,CCc1nc(N)nc(N)c1-c1ccc(Cl)c(N=NN(CCOC(C)=O)Cc2cccc([N+](=O)[O-])c2)c1,,1.3
83,CCc1nc(N)nc(N)c1-c1ccc(Cl)c(N=NN(CCOC(C)=O)Cc2cccc3ccccc23)c1,,0.053
84,CCc1nc(N)nc(N)c1-c1ccc(Cl)c(N=NN(CCOC(C)=O)Cc2ccc3ccccc3c2)c1,,0.59
85,CCc1nc(N)nc(N)c1-c1ccc(Cl)c(N=NN(CCOC(C)=O)Cc2ccncc2)c1,,3.46
86,CCc1nc(N)nc(N)c1-c1ccc(Cl)c(N=NN(CCOC(C)=O)Cc2ccc([N+](=O)[O-])cc2)c1,,1.21
87,CCc1nc(N)nc(N)c1-c1ccc(Cl)c(N=NN(CCCO)Cc2ccccc2)c1,,0.68
88,CCc1nc(N)nc(N)c1-c1ccc(Cl)c(N=NN(CCO)CCc2ccccc2)c1,,0.48
89,CCc1nc(N)nc(N)c1-c1ccc(Cl)c(N=NN(CCO)C(C)c2ccccc2)c1,,1.09
90,CCC(=O)OCCN(Cc1ccccc1)N=Nc1cc(-c2c(N)nc(N)nc2CC)ccc1Cl,,1.3
91,CCc1nc(N)nc(N)c1-c1ccc(Cl)c(N=NN(CCOC(=O)C(C)C)Cc2ccccc2)c1,,1.2
92,CCc1nc(N)nc(N)c1-c1ccc(Cl)c(N=NN(CCOC(=O)c2ccccc2)Cc2ccccc2)c1,,0.85
93,CCc1nc(N)nc(N)c1-c1ccc(Cl)c(N=NN(CCOC(C)=O)Cc2ccc(OC)cc2)c1,,2.1
94,CC1(C)N=C(N)N=C(N)N1c1ccc(C(=O)O)cc1,>,52.0
95,CC1(C)N=C(N)N=C(N)N1c1ccc(Cl)c(Cl)c1,,0.154
96,Cc1cccc(C)c1N1C(N)=NC(N)=NC1(C)C,>,20.0
97,CC1(C)N=C(N)N=C(N)N1c1cccc2ccccc12,,0.72
98,CC1(C)N=C(N)N=C(N)N1c1cccc(CCCCc2ccc(Cl)cc2Cl)c1,,0.36
99,CC1(C)N=C(N)N=C(N)N1c1ccc(CCCCc2ccc(Cl)cc2Cl)cc1,,2.23
100,CC1(C)N=C(N)N=C(N)N1c1cccc(OCCCOc2ccc(N)cc2)c1,,0.17
101,CC1(C)N=C(N)N=C(N)N1c1cccc(OCc2cccc(N)c2)c1,,1.4
102,CC1(C)N=C(N)N=C(N)N1c1cccc(OCCOc2ccc(N)cc2)c1,,0.47
103,CC1(C)N=C(N)N=C(N)N1c1ccc(CCC(=O)Nc2ccc(S(=O)(=O)F)cc2)cc1,,0.59
104,CC1(C)N=C(N)N=C(N)N1c1cccc(C#N)c1,,1.6
105,CC1(C)N=C(N)N=C(N)N1c1ccc(OCC(=O)Nc2cccc(S(=O)(=O)F)c2)cc1,,1.0
106,CC1(C)N=C(N)N=C(N)N1c1ccc(OCCNS(=O)(=O)c2cccc(S(=O)(=O)F)c2)c(Cl)c1,,0.34
107,CC1(C)N=C(N)N=C(N)N1c1ccc(CCCCc2ccccc2)cc1,,0.31
108,CC1(C)N=C(N)N=C(N)N1c1cccc(CCc2ccccc2)c1,,0.43
109,CC1(C)N=C(N)N=C(N)N1c1ccc(CCc2ccccc2)cc1,,0.57
110,CC1(C)N=C(N)N=C(N)N1c1cccc(CCCCOc2ccccc2)c1,,0.27
111,CC1(C)N=C(N)N=C(N)N1c1ccc(N)cc1,,70.9
112,CC1(C)N=C(N)N=C(N)N1c1ccc(OCC(=O)Nc2ccccc2)c(Cl)c1,,0.3
113,CC1(C)N=C(N)N=C(N)N1c1cccc(CC(=O)Nc2ccccc2)c1,,0.44
114,COc1cc(N2C(N)=NC(N)=NC2(C)C)cc(OC)c1OC,>,26.0
115,CC1(C)N=C(N)N=C(N)N1c1ccc(C(C#N)CCCc2ccccc2)cc1,,6.1
116,CC1(C)N=C(N)N=C(N)N1c1cc(C(F)(F)F)cc(C(F)(F)F)c1,,66.9
117,COc1ccc(OC)c(N2C(N)=NC(N)=NC2(C)C)c1,>,60.0
118,COc1ccc(N2C(N)=NC(N)=NC2(C)C)c(OC)c1OC,,20.4
119,COc1ccc(N2C(N)=NC(N)=NC2(C)C)c(OC)c1,>,90.0
120,COc1cc(OC)cc(N2C(N)=NC(N)=NC2(C)C)c1,,12.9
121,COc1cc(N2C(N)=NC(N)=NC2(C)C)cc(OC)c1OC,>,100.0
122,CC1(C)N=C(N)N=C(N)N1c1ccc2cc(Cl)ccc2c1,,4.4
123,CC1(C)N=C(N)N=C(N)N1c1ccc2c(Cl)c(Cl)ccc2c1,,3.0
124,CC1(C)N=C(N)N=C(N)N1c1ccc2c(Cl)cc(Cl)cc2c1,,0.84
125,COc1ccc2c(c1)CCc1nc(N)nc(N)c1-2,,6.2
126,Cc1cc2c(cc1C)-c1c(N)nc(N)nc1CC2,,0.59
127,Nc1nc(N)c2c(n1)CCc1c(Cl)cc(Cl)cc1-2,,1.07
128,Nc1nc(N)c2c(ccc3ccc(Cl)cc32)n1,,0.12
129,Cc1ccc2c(ccc3nc(N)nc(N)c32)c1,,0.46
130,Cc1nc2nc(N)nc(N)c2c2c1CCCC2,,1.0
131,CCc1nc2nc(N)nc(N)c2c2c1CCCC2,>,30.0
132,CSc1nc2nc(N)nc(N)c2c2c1CCCC2,>,30.0
133,Nc1nc(N)c2c3c(c(-c4ccccc4)nc2n1)CCCC3,,6.8
134,Nc1nc(N)c2c3c(cnc2n1)CCCC3,>,30.0
135,Nc1nc(N)c2c3c(oc2n1)CN(Cc1ccccc1)CC3,>,9.0
136,COc1cc(CN2CCc3c(oc4nc(N)nc(N)c34)C2)cc(OC)c1OC,>,35.0
137,COc1cc(CN2CCc3c(oc4nc(N)nc(N)c34)C2)cc(OC)c1,>,22.8
138,Nc1nc(N)c2c3c(oc2n1)CN(Cc1ccc(Cl)cc1Cl)CC3,,22.6
139,Nc1nc(N)c2c3c(oc2n1)CN(Cc1ccc(Cl)c(Cl)c1)CC3,,24.1
140,Nc1nc(N)c2c3c(oc2n1)CN(Cc1c(Cl)cccc1Cl)CC3,,40.5
141,Nc1nc(N)c2c3c(oc2n1)CN(Cc1ccc(C(=O)NC(CCC(=O)O)C(=O)O)cc1)CC3,,10.9
142,CN(Cc1cnc2nc(N)nc(N)c2n1)c1ccc(C(=O)NC(CCC(=O)O)C(=O)O)cc1,,0.0013
143,CN(Cc1cnc2nc(N)nc(N)c2n1)c1c(Cl)cc(C(=O)NC(CCC(=O)O)C(=O)O)cc1Cl,,3.5e-05
144,Nc1nc(N)c2nc(CNc3ccc(C(=O)NC(CC(=O)O)C(=O)O)cc3)cnc2n1,,0.028
145,CN(Cc1cnc2nc(N)nc(N)c2n1)c1c(Cl)cc(C(=O)NC(CCC(=O)O)C(=O)O)cc1Br,,0.00021
146,CN(Cc1cnc2nc(N)nc(N)c2n1)c1ccc(C(=O)NC(CCC(=O)O)C(=O)O)cc1Br,,0.00109
147,CN(Cc1cnc2nc(N)nc(N)c2n1)c1ccc(C(=O)NC(CCC(=O)O)C(=O)O)cc1F,,0.00072
148,CN(Cc1cnc2nc(N)nc(N)c2n1)c1ccc(C(=O)NC(CCC(=O)O)C(=O)O)cc1,,0.00088
149,CN(Cc1cnc2nc(N)nc(N)c2n1)c1ccc(C(=O)NC(CCCCN)C(=O)O)cc1,>,8.0
150,CN(Cc1cnc2nc(N)nc(N)c2n1)c1ccc(C(=O)O)cc1,,0.94
151,CN(Cc1cnc2nc(N)nc(N)c2n1)c1ccc(C(=O)NC(CCC(=O)O)C(=O)O)cc1I,,0.000104
152,CN(Cc1cnc2nc(N)nc(N)c2n1)c1c(F)cc(C(=O)NC(CCC(=O)O)C(=O)O)cc1F,,0.00051
153,Cc1cc(C(=O)O)cc(C)c1N(C)Cc1cnc2nc(N)nc(N)c2n1,,0.19
154,CN(Cc1cnc2nc(N)nc(N)c2n1)c1ccc(C(=O)NC(CCC(=O)O)C(=O)O)cc1C(F)(F)F,,0.00031
155,COc1cc(C(=O)NC(CCC(=O)O)C(=O)O)ccc1N(C)Cc1cnc2nc(N)nc(N)c2n1,,0.00049
156,CCN(Cc1cnc2nc(N)nc(N)c2n1)c1ccc(C(=O)NC(CCC(=O)O)C(=O)O)cc1,,0.00035
157,NC(=O)c1ccc(NCc2cnc3nc(N)nc(N)c3n2)cc1,,153000.0
158,CN(Cc1cnc2nc(N)nc(N)c2n1)c1ccccc1,,10.0
159,CC(=O)Nc1ccc(NCc2cnc3nc(N)nc(N)c3n2)cc1,,7.1
160,CC(=O)c1ccc(NCc2cnc3nc(N)nc(N)c3n2)cc1,,0.72
161,CN(C)C(=O)c1ccc(NCc2cnc3nc(N)nc(N)c3n2)cc1,>,5.0
162,CCCNC(=O)c1ccc(NCc2cnc3nc(N)nc(N)c3n2)cc1,,3.1
163,Nc1nc(N)c2nc(CSc3ccccc3)cnc2n1,,9.5
164,Nc1nc(N)c2nc(CNc3cccc4ccccc34)cnc2n1,,0.13
165,Nc1nc(N)c2nc(CSc3cccc4ccccc34)cnc2n1,,4.2
166,Cc1cccc(SCc2cnc3nc(N)nc(N)c3n2)c1,,21.2
167,Cc1ccc(SCc2cnc3nc(N)nc(N)c3n2)cc1,,30.0
168,COc1ccc(SCc2cnc3nc(N)nc(N)c3n2)cc1,,17.2
169,COc1ccc(SCc2cnc3nc(N)nc(N)c3n2)cc1OC,,58.2
170,Nc1nc(N)c2nc(CSc3cccc(Cl)c3)cnc2n1,,42.2
171,Nc1nc(N)c2nc(CSc3ccc(Cl)cc3)cnc2n1,,42.1
172,Nc1nc(N)c2nc(CNc3ccc(Cl)cc3)cnc2n1,,1.5
173,COc1ccc(C)c(NCc2cnc3nc(N)nc(N)c3n2)c1,>,3.0
174,COc1cccc(C)c1NCc1cnc2nc(N)nc(N)c2n1,,15.8
175,COc1ccc(OC)c(NCc2cnc3nc(N)nc(N)c3n2)c1,,6.2
176,COc1ccc(OC)c(N(C)Cc2cnc3nc(N)nc(N)c3n2)c1,,3.9
177,COc1cc(NCc2cnc3nc(N)nc(N)c3n2)cc(OC)c1,,0.96
178,COc1cc(NCc2cnc3nc(N)nc(N)c3n2)cc(OC)c1OC,,7.0
179,COc1ccc(C(F)(F)F)cc1NCc1cnc2nc(N)nc(N)c2n1,,21.0
180,COc1cc(NCc2cnc3nc(N)nc(N)c3n2)cc(C(F)(F)F)c1,,0.68
181,Nc1nc(N)c2nc(CCc3cccc4ccccc34)cnc2n1,,97.0
182,COc1ccc(OC)c(CCc2cnc3nc(N)nc(N)c3n2)c1,,11.1
183,Nc1nc(N)c2nc(COC(=O)c3ccccc3)cnc2n1,,9.8
184,COc1cccc(SCc2cnc3nc(N)nc(N)c3n2)c1,,9.9
185,Nc1nc(N)c2nc(COC(=O)Cc3ccccc3)cnc2n1,,11.2
186,Nc1nc(N)c2nc(C=CC(=O)Oc3ccccc3)cnc2n1,,2.1
187,Cc1cnc2nc(N)nc(N)c2n1,>,20.0
188,CN(Cc1cnc2nc(N)nc(N)c2n1)c1ccc(C(=O)NC(CCC(=O)O)C(=O)O)c2ccccc12,,0.00019
189,Nc1nc(N)c2nc(CSc3ccccc3)cnc2n1,,9.5
190,Nc1nc(N)c2nc(CNc3ccccc3)cnc2n1,>,1.9
191,Nc1nc(N)c2nc(COc3ccccc3)cnc2n1,,136.0
192,Nc1nc(N)c2nc(CNc3cccc4ccccc34)cnc2n1,,0.13
193,CCCCc1ccc(Cc2nc3nc(N)nc(N)c3nc2Cc2ccc(CCCC)cc2)cc1,,3.9
194,Nc1nc(N)c2nc(Cc3cccc(C(F)(F)F)c3)c(Cc3cccc(C(F)(F)F)c3)nc2n1,,26.0
195,Nc1nc(N)c2nc(Cc3ccc(Cl)cc3)c(Cc3ccc(Cl)cc3)nc2n1,,5.9
196,Nc1nc(N)c2nc(Cc3ccc(Cl)c(Cl)c3)c(Cc3ccc(Cl)c(Cl)c3)nc2n1,,4.4
197,Nc1nc(N)c2nc(CCc3ccccc3)c(CCc3ccccc3)nc2n1,,4.9
198,Nc1nc(N)c2nc(CCCc3ccccc3)c(CCCc3ccccc3)nc2n1,,1.1
199,Nc1nc(N)c2nc(CC3CCCCC3)c(CC3CCCCC3)nc2n1,,2.6
200,Nc1nc(N)c2nc(Cc3ccc4ccccc4c3)c(Cc3ccc4ccccc4c3)nc2n1,,4.0
201,Nc1nc(N)c2nc3c(ccc4ccccc43)nc2n1,,18.4
202,CC(C)Cc1nc2nc(N)nc(N)c2nc1CC(C)C,,0.082
203,CC(C)c1nc2nc(N)nc(N)c2nc1C(C)C,,0.2
204,CCc1nc2nc(N)nc(N)c2nc1CC,,0.62
205,CCCCCc1nc2nc(N)nc(N)c2nc1CCCCC,,1.5
206,CCc1nc2nc(N)nc(N)c2nc1-c1ccccc1OC,,2.0
207,Nc1nc(N)c2nc(CC3CCCCC3)c(CC3CCCCC3)nc2n1,>,5.0
208,CCCCCCc1nc2nc(N)nc(N)c2nc1CCCCCC,>,5.0
209,Nc1nc(N)c2nc(CN3c4ccccc4CCc4ccccc43)cnc2n1,,1.4
210,Nc1nc(N)c2nc(CN3c4ccccc4Oc4ccccc43)cnc2n1,,3.4
211,Nc1nc(N)c2nc(CN(c3ccccc3)c3ccccc3)cnc2n1,,4.9
212,Nc1nc(N)c2nc(CN3c4ccccc4Cc4ccccc43)cnc2n1,,0.042
213,Nc1nc(N)c2nc(CN3c4ccccc4Sc4ccccc43)cnc2n1,,0.12
214,Nc1nc(N)c2nc(Cn3c4ccccc4c4ccccc43)cnc2n1,,0.1
215,Nc1nc(N)c2nc(CN3c4ccccc4C=Cc4ccccc43)cnc2n1,,0.21
216,Nc1nc(N)c2nc(CO)cnc2n1,>,51.0
217,Cc1c(CNc2ccc(C(=O)NC(CC(=O)O)C(=O)O)cc2)ccc2nc(N)nc(N)c12,,0.00042
218,COc1cc(NCc2ccc3nc(N)nc(N)c3c2C)cc(OC)c1OC,,0.042
219,Cc1c(CNc2ccc(C(=O)NC(CC(=O)O)CC(=O)O)cc2)ccc2nc(N)nc(N)c12,,0.00022
220,Cc1c(CNc2ccc(Cl)c(C(=O)NC(CC(=O)O)C(=O)O)c2)ccc2nc(N)nc(N)c12,,0.0054
221,CCc1c(CNc2ccc(C(=O)NC(CC(=O)O)C(=O)O)cc2)ccc2nc(N)nc(N)c12,,0.0097
222,COc1cc(Cc2ccc3nc(N)nc(N)c3c2C)cc(OC)c1,,0.031
223,COc1ccc(OC)c(NCc2ccc3nc(N)nc(N)c3c2Cl)c1,,0.051
224,COc1cc(NCc2ccc3nc(N)nc(N)c3c2Cl)cc(OC)c1OC,,0.033
225,COc1cc(N(C)Cc2ccc3nc(N)nc(N)c3c2Cl)cc(OC)c1OC,,0.012
226,COc1ccc(OC)c(CNc2ccc3nc(N)nc(N)c3c2Cl)c1,,0.053
227,COc1ccc(OC)c(CCNc2ccc3nc(N)nc(N)c3c2Cl)c1,,12.0
228,COc1ccc(OC)c(CCCNc2ccc3nc(N)nc(N)c3c2Cl)c1,,26.0
229,COc1cc(CNc2ccc3nc(N)nc(N)c3c2Cl)cc(OC)c1OC,,0.033
230,COc1cc(CCNc2ccc3nc(N)nc(N)c3c2Cl)cc(OC)c1OC,,43.0
231,COc1cc(CCCNc2ccc3nc(N)nc(N)c3c2Cl)cc(OC)c1OC,,95.0
232,COc1cc(CN(C)c2ccc3nc(N)nc(N)c3c2Cl)cc(OC)c1OC,,0.17
233,COc1ccc(OC)c(NCc2ccc3nc(N)nc(N)c3c2Cl)c1,,0.051
234,COc1cc(NCc2ccc3nc(N)nc(N)c3c2Cl)cc(OC)c1OC,,0.033
235,COc1cc(N(C)Cc2ccc3nc(N)nc(N)c3c2Cl)cc(OC)c1OC,,0.012
236,Nc1nc(N)c2cc(CNc3cccc4ccccc34)ccc2n1,,0.21
237,Nc1nc(N)c2cc(CNc3ccc(Cl)cc3)ccc2n1,,0.6
238,Cc1cc(Cl)ccc1NCc1ccc2nc(N)nc(N)c2c1,,0.33
239,COc1ccc(OC)c(CNc2ccc3nc(N)nc(N)c3c2)c1,,4.6
240,COc1cc(CNc2ccc3nc(N)nc(N)c3c2)cc(OC)c1,,2.2
241,COc1ccc(CNc2ccc3nc(N)nc(N)c3c2)c(OC)c1,,4.4
242,Nc1nc(N)c2cc(NCc3ccccc3)ccc2n1,,8.7
243,COc1cc(CNc2ccc3nc(N)nc(N)c3c2)cc(OC)c1OC,,6.8
244,COc1ccc(CNc2ccc3nc(N)nc(N)c3c2)c(OC)c1OC,,4.9
245,COc1cc(OC)c(OC)cc1CNc1ccc2nc(N)nc(N)c2c1,,5.4
246,COc1cc(OC)c(CNc2ccc3nc(N)nc(N)c3c2)c(OC)c1,,116.0
247,Nc1nc(N)c2cc(NCc3cccc4ccccc34)ccc2n1,,0.72
248,Nc1nc(N)c2cc(C(=O)OCc3ccccc3)ccc2n1,,2.5
249,Nc1nc(N)c2cc(COC(=O)c3ccccc3)ccc2n1,,0.6
250,COc1cc(C(=O)OCc2ccc3nc(N)nc(N)c3c2)cc(OC)c1OC,,0.56
251,COc1ccc(OC)c(C(=O)OCc2ccc3nc(N)nc(N)c3c2)c1,,2.4
252,COc1ccc(C(=O)OCc2ccc3nc(N)nc(N)c3c2)c(OC)c1OC,,1.4
253,COc1cc(OC)cc(C(=O)OCc2ccc3nc(N)nc(N)c3c2)c1,,0.46
254,COc1cc(NCc2ccc3nc(N)nc(N)c3c2Cl)c(Br)c(OC)c1OC,,0.028
255,COc1cc(NCc2ccc3nc(N)nc(N)c3c2)c(Br)c(OC)c1OC,,0.55
256,COc1ccc(OC)c(CN(C)c2ccc3nc(N)nc(N)c3c2)c1,,0.087
257,COc1cc(CN(C)c2ccc3nc(N)nc(N)c3c2)cc(OC)c1,,0.0238
258,COc1ccc(CN(C)c2ccc3nc(N)nc(N)c3c2)c(OC)c1,,0.1
259,COc1ccc(CN(C)c2ccc3nc(N)nc(N)c3c2)c(OC)c1OC,,0.052
260,CN(Cc1cccc2ccccc12)c1ccc2nc(N)nc(N)c2c1,,0.017
261,COc1ccc(C(=O)OCc2ccc3nc(N)nc(N)c3c2)cc1OC,,0.51
262,Nc1nc(N)c2cc(COC(=O)c3ccc(C(=O)O)cc3)ccc2n1,,1.0
263,Nc1nc(N)c2cc(CNc3ccccc3)ccc2n1,,0.98
264,CN(Cc1ccc2nc(N)nc(N)c2c1)c1ccccc1,,0.096
265,Cc1cccc2nc(N)nc(N)c12,,1.5
266,Nc1nc(N)c2c(C(F)(F)F)cccc2n1,,82.0
267,Nc1nc(N)c2c(F)cccc2n1,,0.41
268,Nc1nc(N)c2c(Cl)cccc2n1,,0.42
269,Nc1nc(N)c2c(Br)cccc2n1,,0.28
270,Nc1nc(N)c2c(I)cccc2n1,,0.52
271,COc1cccc2nc(N)nc(N)c12,,4.5
272,CCOc1cccc2nc(N)nc(N)c12,,4.7
273,CCCOc1cccc2nc(N)nc(N)c12,,0.96
274,Nc1nc(N)c2c(OCC(F)(F)F)cccc2n1,,13.0
275,Nc1nc(N)c2c(OCC(F)(F)C(F)(F)F)cccc2n1,,54.0
276,Nc1nc(N)c2c(OCC(F)(F)C(F)(F)C(F)(F)F)cccc2n1,,71.0
277,CSc1cccc2nc(N)nc(N)c12,,1.1
278,Cc1ccc2nc(N)nc(N)c2c1,,20.0
279,Nc1nc(N)c2cc(C(F)(F)F)ccc2n1,,2.7
280,Nc1nc(N)c2cc(F)ccc2n1,,119.0
281,Nc1nc(N)c2cc(Cl)ccc2n1,,3.6
282,Nc1nc(N)c2cc(Br)ccc2n1,,1.6
283,Nc1nc(N)c2cc(I)ccc2n1,,1.6
284,COc1ccc2nc(N)nc(N)c2c1,,58.0
285,Cc1ccc2c(N)nc(N)nc2c1,,65.0
286,Nc1nc(N)c2ccc(C(F)(F)F)cc2n1,,31.0
287,Nc1nc(N)c2ccc(F)cc2n1,,41.0
288,Nc1nc(N)c2ccc(Cl)cc2n1,,45.0
289,Nc1nc(N)c2ccc(Br)cc2n1,,12.0
290,Nc1nc(N)c2c(Cl)c(Cl)ccc2n1,,9.7
291,Nc1nc(N)c2c(Cl)c(Br)ccc2n1,,0.14
292,Cc1cc2nc(N)nc(N)c2cc1C,,5.3
293,Nc1nc(N)c2c(C#Cc3ccccc3)cccc2n1,>,30.0
294,Nc1nc(N)c2c(C=Cc3ccccc3)cccc2n1,,10.0
295,Nc1nc(N)c2c(CCc3ccccc3)cccc2n1,,3.2
296,COc1ccc(OC)c(NCc2cccc3nc(N)nc(N)c23)c1,>,5.0
297,COc1ccc(OC)c(N(C)Cc2cccc3nc(N)nc(N)c23)c1,>,40.0
298,COc1ccc(OC)c(CCc2cccc3nc(N)nc(N)c23)c1,,19.0
299,COc1ccc(OC)c(C#Cc2cccc3nc(N)nc(N)c23)c1,>,18.0
300,COc1cc(NCc2cccc3nc(N)nc(N)c23)cc(OC)c1OC,>,20.0
301,COc1cc(N(C)Cc2cccc3nc(N)nc(N)c23)cc(OC)c1OC,>,20.0
302,COc1cc(CCc2cccc3nc(N)nc(N)c23)cc(OC)c1OC,,14.0
303,Nc1nc(N)c2cc(NC3c4ccccc4C=Cc4ccccc43)ccc2n1,,13.0
304,Nc1nc(N)c2cc(NC3c4ccccc4CCc4ccccc43)ccc2n1,,0.51
305,Nc1nc(N)c2cc(C(=O)O)ccc2n1,>,32.0
306,Nc1nc(N)c2cc(CO)ccc2n1,,51.7
307,COc1cc(NCC2CCc3nc(N)nc(N)c3C2)cc(OC)c1OC,,4.6
308,COc1cc(N(C)CC2CCc3nc(N)nc(N)c3C2)cc(OC)c1OC,,0.095
309,C#CN(CC1CCc2nc(N)nc(N)c2C1)c1cc(OC)c(OC)c(OC)c1,,0.119
310,COc1ccc(OC)c(NCC2CCc3nc(N)nc(N)c3C2)c1,,1.67
311,COc1ccc(OC)c(N(C)CC2CCc3nc(N)nc(N)c3C2)c1,,0.3
312,CCN(CC1CCc2nc(N)nc(N)c2C1)c1cc(OC)ccc1OC,,0.114
313,CCOc1ccc(OCC)c(NCC2CCc3nc(N)nc(N)c3C2)c1,,1.57
314,CCOc1ccc(OCC)c(N(C)CC2CCc3nc(N)nc(N)c3C2)c1,,0.319
315,Nc1nc(N)c2c(n1)CCC(CNc1ccc(Cl)c(Cl)c1)C2,,6.8
316,CN(CC1CCc2nc(N)nc(N)c2C1)c1ccc(Cl)c(Cl)c1,,0.246
317,Nc1nc(N)c2c(n1)CCC(CNc1cc(Cl)ccc1Cl)C2,,0.41
318,Nc1nc(N)c2c(n1)CCC(CNc1c(Cl)cccc1Cl)C2,,0.502
319,Nc1nc(N)c2c(n1)CCC(CNc1ccc(Cl)cc1)C2,,0.94
320,CN(CC1CCc2nc(N)nc(N)c2C1)c1ccc(Cl)cc1,,0.171
321,Nc1nc(N)c2c(n1)CCC(CNc1cccc(Br)c1)C2,,0.33
322,COc1cc(CNCC2CCc3nc(N)nc(N)c3C2)cc(OC)c1OC,,18.5
323,COc1cc(CN(C)CC2CCc3nc(N)nc(N)c3C2)cc(OC)c1OC,,3.1
324,Nc1nc(N)c2c(n1)CCC(CN1CCc3ccccc31)C2,,0.21
325,Nc1nc(N)c2c(n1)CCC(CNc1cccc3ccccc13)C2,,0.517
326,CN(CC1CCc2nc(N)nc(N)c2C1)c1cccc2ccccc12,,0.1
327,Nc1nc(N)c2c(n1)CCC(Cc1ccccc1)C2,,0.29
328,Cc1ccccc1CC1CCc2nc(N)nc(N)c2C1,,0.25
329,Cc1cccc(CC2CCc3nc(N)nc(N)c3C2)c1,,0.34
330,COc1ccccc1CC1CCc2nc(N)nc(N)c2C1,,0.45
331,COc1cccc(CC2CCc3nc(N)nc(N)c3C2)c1,,0.27
332,COc1ccc(CC2CCc3nc(N)nc(N)c3C2)cc1,,0.44
333,Nc1nc(N)c2c(n1)CCC(Cc1cccc(C(F)(F)F)c1)C2,,0.4
334,Nc1nc(N)c2c(n1)CCC(Cc1cccc(OC(F)(F)F)c1)C2,,0.1
335,Nc1nc(N)c2c(n1)CCC(Cc1ccc(OC(F)(F)F)cc1)C2,,0.58
336,COc1ccc(OC)c(CC2CCc3nc(N)nc(N)c3C2)c1,,0.057
337,COc1ccc(CC2CCc3nc(N)nc(N)c3C2)cc1OC,,0.1
338,COc1cc(CC2CCc3nc(N)nc(N)c3C2)cc(OC)c1OC,,0.091
339,Nc1nc(N)c2c(n1)CCC(Cc1ccc(Cl)c(Cl)c1)C2,,15.0
340,CCC1CCc2nc(N)nc(N)c2C1,,6.9
341,CC(C)(C)C1CCc2nc(N)nc(N)c2C1,,0.18
342,Nc1nc(N)c2c(n1)CCC(c1ccccc1)C2,,2.2
343,Nc1nc(N)c2c(n1)CCC(Cc1cccs1)C2,,0.21
344,Nc1nc(N)c2c(n1)CCC(Cc1ccsc1)C2,,1.7
345,Nc1nc(N)c2c(n1)CCC(CC1CCCO1)C2,,0.88
346,Nc1nc(N)c2nc(CSc3ccccc3)ccc2n1,,2.0
347,Nc1nc(N)c2nc(CSc3cccc4ccccc34)ccc2n1,,0.47
348,Nc1nc(N)c2nc(CSc3ccc4ccccc4c3)ccc2n1,,0.38
349,COc1ccc(OC)c(NCc2ccc3nc(N)nc(N)c3n2)c1,,1.4
350,COc1cc(NCc2ccc3nc(N)nc(N)c3n2)cc(OC)c1OC,,2.6
351,COc1cc(N(C)Cc2ccc3nc(N)nc(N)c3n2)cc(OC)c1OC,,0.13
352,CN(Cc1ccc2nc(N)nc(N)c2n1)c1ccc(Cl)cc1,,0.062
353,CN(Cc1ccc2nc(N)nc(N)c2n1)c1cccc(Cl)c1,,2.1
354,CN(Cc1ccc2nc(N)nc(N)c2n1)c1ccc(Cl)c(Cl)c1,,0.022
355,Nc1nc(N)c2nc(CSc3ccccc3)ccc2n1,,2.0
356,Nc1nc(N)c2nc(CNc3ccccc3)ccc2n1,,1.7
357,CN(Cc1ccc2nc(N)nc(N)c2n1)c1ccccc1,,0.29
358,COc1ccccc1NCc1ccc2nc(N)nc(N)c2n1,,2.7
359,COc1ccccc1N(C)Cc1ccc2nc(N)nc(N)c2n1,,0.51
360,COc1cccc(NCc2ccc3nc(N)nc(N)c3n2)c1,,1.7
361,COc1cccc(N(C)Cc2ccc3nc(N)nc(N)c3n2)c1,,0.097
362,COc1ccc(NCc2ccc3nc(N)nc(N)c3n2)cc1,,0.85
363,COc1ccc(N(C)Cc2ccc3nc(N)nc(N)c3n2)cc1,,0.25
364,Nc1nc(N)c2nc(CNc3ccccc3Cl)ccc2n1,,0.53
365,CN(Cc1ccc2nc(N)nc(N)c2n1)c1ccccc1Cl,,0.21
366,Nc1nc(N)c2nc(CNc3cccc(Cl)c3)ccc2n1,,2.0
367,COc1ccc(NCc2ccc3nc(N)nc(N)c3n2)c(OC)c1,,5.5
368,COc1ccc(N(C)Cc2ccc3nc(N)nc(N)c3n2)c(OC)c1,,0.16
369,COc1ccc(OC)c(NCc2ccc3nc(N)nc(N)c3n2)c1,,4.4
370,COc1ccc(OC)c(N(C)Cc2ccc3nc(N)nc(N)c3n2)c1,,0.21
371,COc1ccc(NCc2ccc3nc(N)nc(N)c3n2)cc1OC,,0.9
372,COc1ccc(N(C)Cc2ccc3nc(N)nc(N)c3n2)cc1OC,,0.091
373,Nc1nc(N)c2nc(CNc3ccc(Cl)cc3Cl)ccc2n1,,0.73
374,CN(Cc1ccc2nc(N)nc(N)c2n1)c1ccc(Cl)cc1Cl,,0.5
375,Nc1nc(N)c2nc(CNc3cc(Cl)ccc3Cl)ccc2n1,,1.6
376,CN(Cc1ccc2nc(N)nc(N)c2n1)c1cc(Cl)ccc1Cl,,0.15
377,Nc1nc(N)c2nc(CNc3c(Cl)cccc3Cl)ccc2n1,,1.0
378,CN(Cc1ccc2nc(N)nc(N)c2n1)c1c(Cl)cccc1Cl,,0.17
379,Nc1nc(N)c2nc(CNc3ccc(Cl)c(Cl)c3)ccc2n1,,0.41
380,CN(Cc1ccc2nc(N)nc(N)c2n1)c1ccc(Cl)c(Cl)c1,,0.038
381,COc1cc(NCc2ccc3nc(N)nc(N)c3n2)cc(OC)c1OC,,2.0
382,Nc1nc(N)c2nc(CNc3cc(Cl)c(Cl)c(Cl)c3)ccc2n1,,0.66
383,CN(Cc1ccc2nc(N)nc(N)c2n1)c1cc(Cl)c(Cl)c(Cl)c1,,0.25
384,Nc1nc(N)c2nc(CNc3c(Cl)cc(Cl)cc3Cl)ccc2n1,,2.0
385,CN(Cc1ccc2nc(N)nc(N)c2n1)c1c(Cl)cc(Cl)cc1Cl,,0.12
386,Nc1nc(N)c2nc(CSc3cccc4ccccc34)ccc2n1,,0.47
387,Nc1nc(N)c2nc(CSc3ccc4ccccc4c3)ccc2n1,,0.38
388,Nc1nc(N)c2nc(CNc3cccc4ccccc34)ccc2n1,,0.23
389,Nc1nc(N)c2nc(CNc3ccc4ccccc4c3)ccc2n1,,1.6
390,CN(Cc1ccc2nc(N)nc(N)c2n1)c1cccc2ccccc12,,0.04
391,CN(Cc1ccc2nc(N)nc(N)c2n1)c1ccc2ccccc2c1,,0.052
392,CC(=O)c1ccc(NCc2ccc3nc(N)nc(N)c3n2)cc1,,0.41
393,CC(=O)c1ccc(N(C)Cc2ccc3nc(N)nc(N)c3n2)cc1,,0.13
394,C#CN(Cc1ccc2nc(N)nc(N)c2n1)c1ccc(C(C)=O)cc1,,0.22
395,CN(Cc1ccc2nc(N)nc(N)c2n1)c1ccc(C(=O)C(F)(F)F)cc1,,0.25
396,C#CN(Cc1ccc2nc(N)nc(N)c2n1)c1ccc(C(=O)C(F)(F)F)cc1,,0.12
397,COc1ccccc1Sc1ccc2nc(N)nc(N)c2n1,,2.2
398,COc1ccc(Sc2ccc3nc(N)nc(N)c3n2)cc1,,0.7
399,COc1ccc(Sc2ccc3nc(N)nc(N)c3n2)cc1OC,,0.086
400,COc1ccccc1S(=O)(=O)c1ccc2nc(N)nc(N)c2n1,,3.2
401,COc1ccc(S(=O)(=O)c2ccc3nc(N)nc(N)c3n2)cc1,,10.5
402,COc1ccc(S(=O)(=O)c2ccc3nc(N)nc(N)c3n2)cc1OC,,2.7
403,COc1ccccc1Nc1ccc2nc(N)nc(N)c2n1,,8.7
404,COc1ccc(Nc2ccc3nc(N)nc(N)c3n2)cc1,,90.4
405,COc1ccc(Nc2ccc3nc(N)nc(N)c3n2)cc1OC,,40.4
406,COc1ccc(N(C)c2ccc3nc(N)nc(N)c3n2)cc1,,0.22
407,COc1ccc(N(C)c2ccc3nc(N)nc(N)c3n2)cc1OC,,0.0023
408,COc1ccc(OC)c(Nc2ccc3nc(N)nc(N)c3n2)c1,,16.1
409,COc1ccc(OC)c(N(C)c2ccc3nc(N)nc(N)c3n2)c1,,0.034
410,COc1cc(Nc2ccc3nc(N)nc(N)c3n2)cc(OC)c1OC,,25.9
411,COc1cc(N(C)c2ccc3nc(N)nc(N)c3n2)cc(OC)c1OC,,0.021
412,CN(c1ccc2nc(N)nc(N)c2n1)c1cccc2ccccc12,,5.1
413,Nc1nc(N)c2nc(Nc3ccc4ccccc4c3)ccc2n1,,15.0
414,CN(c1ccc2ccccc2c1)c1ccc2nc(N)nc(N)c2n1,,0.0317
415,Nc1nc(N)c2nc(Nc3ccccc3)ccc2n1,,8.3
416,CN(c1ccccc1)c1ccc2nc(N)nc(N)c2n1,,0.0995
417,Nc1nc(N)c2nc(Nc3ccc(Cl)cc3)ccc2n1,,14.6
418,COc1cc(CNc2ccc3nc(N)nc(N)c3n2)cc(OC)c1OC,,29.4
419,Nc1nc(N)c2nc(CN3c4ccccc4C=Cc4ccccc43)ccc2n1,,0.037
420,Nc1nc(N)c2cc(CSc3ccccc3)cnc2n1,,1.3
421,Nc1nc(N)c2cc(CSc3cccc4ccccc34)cnc2n1,,0.95
422,Nc1nc(N)c2cc(CSc3ccc4ccccc4c3)cnc2n1,,0.17
423,Nc1nc(N)c2cc(CSc3cc(Cl)ccc3Cl)cnc2n1,,5.9
424,Nc1nc(N)c2cc(CSc3cc(Cl)cc(Cl)c3)cnc2n1,,11.0
425,COc1ccc(SCc2cnc3nc(N)nc(N)c3c2)cc1OC,,2.2
426,COc1cc(NCc2cnc3nc(N)nc(N)c3c2C)cc(OC)c1OC,,0.086
427,COc1cc(N(C)Cc2cnc3nc(N)nc(N)c3c2C)cc(OC)c1OC,,0.0132
428,COc1cc(N(C=O)Cc2cnc3nc(N)nc(N)c3c2C)cc(OC)c1OC,,0.55
429,Cc1c(CNc2ccc(Cl)c(Cl)c2)cnc2nc(N)nc(N)c12,,0.32
430,Cc1c(CN(C)c2ccc(Cl)c(Cl)c2)cnc2nc(N)nc(N)c12,,0.1
431,Cc1c(CN(C=O)c2ccc(Cl)c(Cl)c2)cnc2nc(N)nc(N)c12,,0.51
432,Cc1c(CNc2cc(Cl)c(Cl)c(Cl)c2)cnc2nc(N)nc(N)c12,,0.063
433,Cc1c(CN(C)c2cc(Cl)c(Cl)c(Cl)c2)cnc2nc(N)nc(N)c12,,0.1045
434,Cc1c(CN(C=O)c2cc(Cl)c(Cl)c(Cl)c2)cnc2nc(N)nc(N)c12,,0.52
435,COc1ccc(OC)c(NCc2cnc3nc(N)nc(N)c3c2C)c1,,0.046
436,COc1cc(NCc2cnc3nc(N)nc(N)c3c2C)cc(OC)c1,,0.0229
437,COc1ccc(NCc2cnc3nc(N)nc(N)c3c2C)c(OC)c1,,0.316
438,COc1ccc(NCc2cnc3nc(N)nc(N)c3c2C)cc1OC,,0.044
439,CCOc1ccc(OCC)c(NCc2cnc3nc(N)nc(N)c3c2C)c1,,0.0767
440,COc1ccc(OC)c(N(C)Cc2cnc3nc(N)nc(N)c3c2C)c1,,0.216
441,COc1cc(OC)cc(N(C)Cc2cnc3nc(N)nc(N)c3c2C)c1,,0.13
442,COc1ccc(N(C)Cc2cnc3nc(N)nc(N)c3c2C)c(OC)c1,,0.32
443,CCOc1ccc(OCC)c(N(C)Cc2cnc3nc(N)nc(N)c3c2C)c1,,3.1
444,C#CCN(Cc1cnc2nc(N)nc(N)c2c1C)c1cc(OC)c(OC)c(OC)c1,,0.0535
445,COc1cc(N(Cc2cnc3nc(N)nc(N)c3c2C)C(C)C)cc(OC)c1OC,,0.0134
446,CCN(Cc1cnc2nc(N)nc(N)c2c1C)c1cc(OC)c(OC)c(OC)c1,,0.0497
447,Cc1c(CNc2cccc3ccccc23)cnc2nc(N)nc(N)c12,,0.573
448,COc1ccc(NCc2cnc3nc(N)nc(N)c3c2C)c2ccccc12,,0.041
449,COc1cc(NCc2cnc3nc(N)nc(N)c3c2C)cc(OC)c1OC,,0.086
450,COc1cc(N(C)Cc2cnc3nc(N)nc(N)c3c2C)cc(OC)c1OC,,0.013
451,Cc1c(CN(C)c2ccc(Cl)c(Cl)c2)cnc2nc(N)nc(N)c12,,0.1
452,Cc1c(CNc2cccc3ccccc23)cnc2nc(N)nc(N)c12,,0.22
453,Cc1c(CSc2ccccc2)cnc2nc(N)nc(N)c12,,0.44
454,Cc1c(CSc2cccc3ccccc23)cnc2nc(N)nc(N)c12,,0.29
455,Cc1cccc(SCc2cnc3nc(N)nc(N)c3c2C)c1,,0.17
456,Cc1ccc(SCc2cnc3nc(N)nc(N)c3c2C)cc1,,0.53
457,COc1cccc(SCc2cnc3nc(N)nc(N)c3c2C)c1,,0.34
458,COc1ccc(SCc2cnc3nc(N)nc(N)c3c2C)cc1,,0.56
459,COc1ccc(SCc2cnc3nc(N)nc(N)c3c2C)cc1OC,,0.15
460,Cc1c(CSc2cccc(Cl)c2)cnc2nc(N)nc(N)c12,,0.068
461,Cc1c(CSc2ccc(Cl)cc2)cnc2nc(N)nc(N)c12,,0.36
462,Cc1c(CNc2ccc(Cl)cc2)cnc2nc(N)nc(N)c12,,0.11
463,COc1ccc(C)c(NCc2cnc3nc(N)nc(N)c3c2C)c1,,0.038
464,COc1cccc(C)c1NCc1cnc2nc(N)nc(N)c2c1C,,1.0
465,COc1ccc(OC)c(NCc2cnc3nc(N)nc(N)c3c2C)c1,,0.011
466,COc1ccc(OC)c(N(C)Cc2cnc3nc(N)nc(N)c3c2C)c1,,0.7
467,COc1cc(NCc2cnc3nc(N)nc(N)c3c2C)cc(OC)c1,,0.049
468,COc1cc(NCc2cnc3nc(N)nc(N)c3c2C)cc(OC)c1OC,,0.013
469,COc1ccc(C(F)(F)F)cc1NCc1cnc2nc(N)nc(N)c2c1C,,0.044
470,COc1cc(NCc2cnc3nc(N)nc(N)c3c2C)cc(C(F)(F)F)c1,,0.02
471,Cc1c(CCc2cccc3ccccc23)cnc2nc(N)nc(N)c12,,0.064
472,COc1ccc(OC)c(CCc2cnc3nc(N)nc(N)c3c2C)c1,,0.34
473,Cc1ccc(C)c(NCc2cnc3nc(N)nc(N)c3c2C)c1,,0.03
474,COc1ccc(NCc2cnc3nc(N)nc(N)c3c2C)c(C)c1,,0.17
475,COc1ccc(C)cc1NCc1cnc2nc(N)nc(N)c2c1C,,0.068
476,COc1ccc(NCc2cnc3nc(N)nc(N)c3c2C)c(OC)c1,,0.091
477,COc1ccc(N(C)Cc2cnc3nc(N)nc(N)c3c2C)c(OC)c1,,0.35
478,COc1cc(OC)cc(N(C)Cc2cnc3nc(N)nc(N)c3c2C)c1,,0.05
479,COc1ccc(NCc2cnc3nc(N)nc(N)c3c2C)cc1OC,,0.051
480,COc1ccc(N(C)Cc2cnc3nc(N)nc(N)c3c2C)cc1OC,,0.32
481,CCOc1ccc(OCC)c(NCc2cnc3nc(N)nc(N)c3c2C)c1,,0.125
482,CCOc1ccc(OCC)c(N(C)Cc2cnc3nc(N)nc(N)c3c2C)c1,,0.167
483,COc1ccc(C(F)(F)F)cc1N(C)Cc1cnc2nc(N)nc(N)c2c1C,,0.093
484,Cc1c(CNc2cccc3ccccc23)cnc2nc(N)nc(N)c12,,0.1
485,Cc1c(CN(C)c2cccc3ccccc23)cnc2nc(N)nc(N)c12,,0.15
486,Nc1nc(N)c2cc(CNc3cccc4ccccc34)cnc2n1,,0.26
487,Nc1nc(N)c2cc(CNc3ccc(Cl)cc3)cnc2n1,,0.97
488,COc1cc(NCc2cnc3nc(N)nc(N)c3c2)cc(OC)c1OC,,2.0
489,COc1ccc(OC)c(NCc2cnc3nc(N)nc(N)c3c2)c1,,0.75
490,Nc1nc(N)c2cc(NCc3ccccc3)cnc2n1,,2.7
491,CN(Cc1ccccc1)c1cnc2nc(N)nc(N)c2c1,,0.068
492,COc1cc(CNc2cnc3nc(N)nc(N)c3c2)cc(OC)c1OC,,14.1
493,COc1cc(CN(C)c2cnc3nc(N)nc(N)c3c2)cc(OC)c1OC,,0.061
494,COc1cc(C(C)Nc2cnc3nc(N)nc(N)c3c2)cc(OC)c1OC,,9.2
495,COc1ccc(CNc2cnc3nc(N)nc(N)c3c2)c(OC)c1OC,,15.3
496,COc1ccc(CN(C)c2cnc3nc(N)nc(N)c3c2)c(OC)c1OC,,0.079
497,COc1cc(OC)c(CNc2cnc3nc(N)nc(N)c3c2)c(OC)c1,,20.7
498,COc1cc(OC)c(OC)cc1CNc1cnc2nc(N)nc(N)c2c1,,5.5
499,COc1ccc(CNc2cnc3nc(N)nc(N)c3c2)cc1OC,,4.8
500,COc1cc(CNc2cnc3nc(N)nc(N)c3c2)cc(OC)c1,,5.7
501,COc1cc(CN(C)c2cnc3nc(N)nc(N)c3c2)cc(OC)c1,,0.076
502,COc1ccc(OC)c(CNc2cnc3nc(N)nc(N)c3c2)c1,,3.8
503,COc1ccc(OC)c(CN(C)c2cnc3nc(N)nc(N)c3c2)c1,,0.084
504,Nc1nc(N)c2cc(NCc3cccc4ccccc34)cnc2n1,,3.9
505,COc1ccc(CNc2cnc3nc(N)nc(N)c3c2)c2ccccc12,,8.2
506,COc1ccc2ccccc2c1CNc1cnc2nc(N)nc(N)c2c1,,15.4
507,Nc1nc(N)c2cc(NCc3ccc(Oc4ccccc4)cc3)cnc2n1,,24.3
508,Nc1nc(N)c2cc(NCCc3ccccc3)cnc2n1,,1.94
509,CN(CCc1ccccc1)c1cnc2nc(N)nc(N)c2c1,,1.8
510,COc1cc(-n2cccc2)c(OC)cc1NCc1cnc2nc(N)nc(N)c2c1C,,0.35
511,COc1cc(NCc2cnc3nc(N)nc(N)c3c2C)c(-n2cccc2)cc1OC,,1.8
512,Cc1c(C)c(-n2cccc2)c(C)c(C)c1NCc1cnc2nc(N)nc(N)c2c1C,,0.62
513,COc1ccc(-c2ccccc2)cc1NCc1cnc2nc(N)nc(N)c2c1C,,0.64
514,Cc1c(CNc2ccccc2)cnc2nc(N)nc(N)c12,,0.08
515,COc1ccccc1NCc1cnc2nc(N)nc(N)c2c1C,,0.117
516,COc1cccc(NCc2cnc3nc(N)nc(N)c3c2C)c1,,0.0689
517,COc1ccc(NCc2cnc3nc(N)nc(N)c3c2C)cc1,,0.0954
518,Cc1c(CNc2ccccc2Cl)cnc2nc(N)nc(N)c12,,0.047
519,Cc1c(CNc2cccc(Cl)c2)cnc2nc(N)nc(N)c12,,0.023
520,Cc1c(CNc2ccc(Cl)cc2)cnc2nc(N)nc(N)c12,,0.0554
521,Cc1c(CNc2ccc(Br)cc2)cnc2nc(N)nc(N)c12,,0.0808
522,COc1cccc(N(C)Cc2cnc3nc(N)nc(N)c3c2C)c1,,0.03
523,COc1ccc(N(C)Cc2cnc3nc(N)nc(N)c3c2C)cc1,,0.035
524,Cc1c(CN(C)c2ccccc2Cl)cnc2nc(N)nc(N)c12,,0.084
525,Cc1c(CN(C)c2ccc(Cl)cc2)cnc2nc(N)nc(N)c12,,0.029
526,Cc1c(CN(C)c2ccc(Br)cc2)cnc2nc(N)nc(N)c12,,0.037
527,Nc1nc(N)c2cc(COC(=O)c3ccccc3)cnc2n1,,5.45
528,Cc1c(COC(=O)c2ccccc2)cnc2nc(N)nc(N)c12,,0.25
529,COc1cc(N(C)Cc2cnc3nc(N)nc(N)c3c2)cc(OC)c1OC,,0.24
530,CCN(Cc1cnc2nc(N)nc(N)c2c1)c1cc(OC)c(OC)c(OC)c1,,0.19
531,COc1cc(N(C=O)Cc2cnc3nc(N)nc(N)c3c2)cc(OC)c1OC,,18.5
532,COc1cc(C=Cc2cnc3nc(N)nc(N)c3c2)cc(OC)c1OC,>,5.0
533,COc1ccc(C=Cc2cnc3nc(N)nc(N)c3c2)cc1OC,,2.6
534,COc1ccc(C=Cc2cnc3nc(N)nc(N)c3c2)cc1,,5.3
535,COc1cc(CCc2cnc3nc(N)nc(N)c3c2)cc(OC)c1OC,,5.0
536,COc1ccc(CCc2cnc3nc(N)nc(N)c3c2)cc1OC,,1.4
537,COc1ccc(CCc2cnc3nc(N)nc(N)c3c2)cc1,,0.29
538,COc1ccc(OC)c(Cc2cnc3nc(N)nc(N)c3c2C)c1,,0.031
539,COc1ccc2c(c1OC)C(Cc1cnc3nc(N)nc(N)c3c1C)CC2,,0.41
540,COc1ccc2c(c1)C=CC2Cc1cnc2nc(N)nc(N)c2c1C,,0.57
541,COc1cc2c(cc1OC)CN(Cc1cnc3nc(N)nc(N)c3c1C)CC2,,0.85
542,COc1ccc2c(c1)CCN2Cc1cnc2nc(N)nc(N)c2c1C,,0.25
543,COc1cccc2c1CCN2Cc1cnc2nc(N)nc(N)c2c1C,,0.29
544,COc1cc2c(cc1OC)N(Cc1cnc3nc(N)nc(N)c3c1C)CC2,,0.41
545,Nc1nc(N)c2cc(CN3c4ccccc4C=Cc4ccccc43)cnc2n1,,0.043
546,COc1ccc2c(c1)CCC2Cc1cnc2nc(N)nc(N)c2c1C,,0.29
547,COc1ccc2c(c1)C(Cc1cnc3nc(N)nc(N)c3c1C)CC2,,0.25
548,Nc1nc(N)c2cc(CO)cnc2n1,>,104.0
549,Cc1c(CO)cnc2nc(N)nc(N)c12,,10.5
550,Nc1nc(N)c2cc3c(nc2n1)CCN(Cc1ccccc1)C3,,16.0
551,Nc1nc(N)c2cc3c(nc2n1)CCN(Cc1ccc(C(=O)NC(CCC(=O)O)C(=O)O)cc1)C3,,1.8
552,COc1ccc(CN2CCc3nc4nc(N)nc(N)c4cc3C2)cc1,>,15.0
553,COc1cc(CN2CCc3nc4nc(N)nc(N)c4cc3C2)cc(OC)c1,,14.0
554,Nc1nc(N)c2cc3c(nc2n1)CCN(Cc1ccc(Cl)cc1Cl)C3,,4.0
555,Nc1nc(N)c2cc3c(nc2n1)CCN(Cc1ccc(Cl)c(Cl)c1)C3,,5.0
556,Nc1nc(N)c2cc3c(nc2n1)CCN(C(=O)OCc1ccccc1)C3,>,15.0
557,COc1cc(N(C=O)CC2=CNc3nc(N)nc(N)c3C2C)cc(OC)c1OC,>,2.6
558,COc1cc(N(C=O)CC2CNc3nc(N)nc(N)c3C2C)cc(OC)c1OC,>,1.2
559,COc1cc(NCC2CNc3nc(N)nc(N)c3C2C)cc(OC)c1OC,>,3700.0
560,COc1cc(CCC2CNc3nc(N)nc(N)c3C2)cc(OC)c1OC,,61.7
561,COc1ccc(CCC2CNc3nc(N)nc(N)c3C2)cc1OC,,7.7
562,COc1ccc(OC)c(CN2CCc3nc(N)nc(N)c3C2)c1,,3.3
563,COc1cc(CN2CCc3nc(N)nc(N)c3C2)cc(OC)c1OC,,6.9
564,COc1cc(CN2CCc3nc(N)nc(N)c3C2)c(Br)c(OC)c1OC,,0.51
565,COc1cc(CCN2CCc3nc(N)nc(N)c3C2)cc(OC)c1OC,,30.0
566,COc1cc(CCCN2CCc3nc(N)nc(N)c3C2)cc(OC)c1OC,,9.3
567,Nc1nc(N)c2c(CNc3ccc(C(=O)NC(CCC(=O)O)C(=O)O)cc3)coc2n1,,0.9
568,CN(Cc1coc2nc(N)nc(N)c12)c1ccc(C(=O)NC(CCC(=O)O)C(=O)O)cc1,,0.035
569,COc1cc(NCc2coc3nc(N)nc(N)c23)cc(OC)c1OC,>,4.0
570,Nc1nc(N)c2c(CNc3cc(Cl)c(Cl)c(Cl)c3)coc2n1,,8.3
571,Nc1nc(N)c2c(CNc3ccc(Cl)c(Cl)c3)coc2n1,>,35.0
572,COc1ccc(OC)c(NCc2coc3nc(N)nc(N)c23)c1,>,21.0
573,COc1cc(NCc2c[nH]c3nc(N)nc(N)c23)cc(OC)c1OC,>,23.0
574,COc1ccc(NCc2c[nH]c3nc(N)nc(N)c23)cc1OC,,119.0
575,COc1ccc(NCc2c[nH]c3nc(N)nc(N)c23)cc1,,279.0
576,COc1ccc(OC)c(NCc2c[nH]c3nc(N)nc(N)c23)c1,,45.7
577,CCOc1ccc(OCC)c(NCc2c[nH]c3nc(N)nc(N)c23)c1,>,21.0
578,Nc1nc(N)c2c(CNc3ccc(Cl)c(Cl)c3)c[nH]c2n1,,35.3
579,Nc1nc(N)c2c(CNc3cccc4ccccc34)c[nH]c2n1,,307.0
580,Nc1nc(N)c2c(CNc3ccccc3)c[nH]c2n1,,252.0
581,Nc1nc(N)c2c(CNc3ccc(C(=O)NC(CC(=O)O)C(=O)O)cc3)c[nH]c2n1,,0.038
582,COc1ccc(OC)c(N(C)Cc2c[nH]c3nc(N)nc(N)c23)c1,>,12.0
583,CN(Cc1c[nH]c2nc(N)nc(N)c12)c1ccc(Cl)c(Cl)c1,,28.3
584,CN(Cc1c[nH]c2nc(N)nc(N)c12)c1cccc2ccccc12,,209.0
585,COc1ccc(SCc2c[nH]c3nc(N)nc(N)c23)cc1OC,,11.1
586,Nc1nc(N)c2c(CSc3ccc(Cl)c(Cl)c3)c[nH]c2n1,,58.5
587,Nc1nc(N)c2c(CSc3cccc4ccccc34)c[nH]c2n1,,10.6
588,Nc1nc(N)c2c(CSc3ccc4ccccc4c3)c[nH]c2n1,,929.0
589,CN(Cc1c[nH]c2nc(N)nc(N)c12)c1ccc(C(=O)NC(CC(=O)O)C(=O)O)cc1,,0.044
590,COc1cc(NCc2csc3nc(N)nc(N)c23)cc(OC)c1OC,>,10.0
591,COc1ccc(OC)c(NCc2csc3nc(N)nc(N)c23)c1,>,10.0
592,COc1cc(N(C)Cc2csc3nc(N)nc(N)c23)cc(OC)c1OC,>,10.0
593,COc1ccc(OC)c(N(C)Cc2csc3nc(N)nc(N)c23)c1,>,10.0
594,Nc1nc(N)c2c(CNc3cc(Cl)c(-n4cccc4)c(Cl)c3)csc2n1,>,10.0
595,Nc1nc(N)c2c(Cc3ccccc3)c[nH]c2n1,>,189.0
596,Nc1nc(N)c2c(CSc3ccccc3)coc2n1,>,26.0
597,Nc1nc(N)c2c(CSc3cccc4ccccc34)coc2n1,,19.0
598,Nc1nc(N)c2c(CSc3ccc4ccccc4c3)coc2n1,,0.65
599,Nc1nc(N)c2c(CNc3cccc4ccccc34)coc2n1,,13.5
600,Nc1nc(N)c2c(CNc3ccc4ccccc4c3)coc2n1,,41.0
601,Nc1nc(N)c2c(COc3ccc4ccccc4c3)coc2n1,,14.0
602,Nc1nc(N)c2c(CNc3ccccc3Oc3ccccc3)coc2n1,>,12.0
603,Nc1nc(N)c2c(CNc3ccc(Oc4ccccc4)cc3)coc2n1,,8.1
604,Nc1nc(N)c2c(CNc3ccccc3-c3ccccc3)coc2n1,,7.7
605,CN(Cc1coc2nc(N)nc(N)c12)c1ccc2ccccc2c1,,14.8
606,Nc1nc(N)c2c(CNc3cc(Cl)ccc3Cl)coc2n1,,50.9
607,CN(Cc1coc2nc(N)nc(N)c12)c1ccc(Cl)c(Cl)c1,,44.8
608,CN(Cc1coc2nc(N)nc(N)c12)c1cc(Cl)c(Cl)c(Cl)c1,,284.0
609,COc1ccc(NCc2coc3nc(N)nc(N)c23)cc1,>,31.3
610,COc1ccc(OC)c(N(C)Cc2coc3nc(N)nc(N)c23)c1,>,27.0
611,Nc1nc(N)c2c(CCc3ccc(C(=O)NC(CCC(=O)O)C(=O)O)cc3)c[nH]c2n1,,1.2
612,Nc1nc(N)c2c(CCc3ccc(C(=O)NC(CCC(=O)O)C(=O)O)cc3)cn(-c3ccccc3)c2n1,>,19.0
613,COc1ccc(OC)c(-c2sc3nc(N)nc(N)c3c2C)c1,,4.8
614,COc1ccc(OC)c(Cc2sc3nc(N)nc(N)c3c2C)c1,,14.0
615,COc1ccc(OC)c(CCc2sc3nc(N)nc(N)c3c2C)c1,,1.2
616,COc1cc(-c2sc3nc(N)nc(N)c3c2C)cc(OC)c1OC,>,8.0
617,COc1cc(Cc2sc3nc(N)nc(N)c3c2C)cc(OC)c1OC,>,8.0
618,COc1cc(CCc2sc3nc(N)nc(N)c3c2C)cc(OC)c1OC,>,8.0
619,COc1ccc(OC)c(CCc2csc3nc(N)nc(N)c23)c1,,28.0
620,COc1ccc(OC)c(CCCc2csc3nc(N)nc(N)c23)c1,,55.0
621,Cc1c(-c2ccccc2)sc2nc(N)nc(N)c12,,26.0
622,Cc1c(-c2ccc(Cl)c(Cl)c2)sc2nc(N)nc(N)c12,,16.0
623,Cc1c(Cc2ccccc2)sc2nc(N)nc(N)c12,,35.0
624,Cc1sc2nc(N)nc(N)c2c1-c1ccc(Cl)cc1,>,100.0
625,Cc1sc2nc(N)nc(N)c2c1Cc1ccccc1,>,100.0
626,Nc1nc(N)c2c3c(sc2n1)CCCC3,,2.1
627,Nc1nc(N)c2c3c(sc2n1)CCCCC3,,1.4
628,Nc1nc(N)c2c3c(sc2n1)CCCCCC3,,6.5
629,Nc1nc(N)c2c3c(sc2n1)CCCCCCCCCC3,>,50.0
630,Nc1nc(N)c2c3c(sc2n1)CN(c1ccccc1)CC3,,5.2
631,COc1cc(Cc2sc3nc(N)nc(N)c3c2C)c(Br)c(OC)c1OC,>,12.0
632,COc1cc(CCc2csc3nc(N)nc(N)c23)c(Br)c(OC)c1OC,,49.0
633,COc1cc(NCc2csc3nc(N)nc(N)c23)c(Br)c(OC)c1OC,,200.0
634,COc1cc(NCc2c(Br)sc3nc(N)nc(N)c23)cc(OC)c1OC,,13.0
635,COc1ccc(OC)c(NCc2c(Br)sc3nc(N)nc(N)c23)c1,>,100.0
636,COc1cc(N(C)Cc2c(Br)sc3nc(N)nc(N)c23)cc(OC)c1OC,,31.0
637,COc1ccc(OC)c(N(C)Cc2c(Br)sc3nc(N)nc(N)c23)c1,>,10.0
638,Nc1nc(N)c2c(CNc3cc(Cl)c(-n4cccc4)c(Cl)c3)c(Br)sc2n1,,7.5
639,Nc1nc(N)c2c(-c3ccccc3)c[nH]c2n1,>,186.0
640,Nc1nc(N)c2c(-c3ccc(Cl)cc3)c[nH]c2n1,>,161.0
641,Nc1nc(N)c2c(-c3ccc(Cl)c(Cl)c3)c[nH]c2n1,,33.0
642,COc1cc(-c2c[nH]c3nc(N)nc(N)c23)cc(OC)c1OC,,8.3
643,Nc1nc(N)c2c(CNc3cccc4cc5ccccc5cc34)coc2n1,,51.0
644,Nc1nc(N)c2c(CNc3ccc4cc5ccccc5cc4c3)coc2n1,>,14.0
645,Nc1nc(N)c2c(CNc3cccc4c3Cc3ccccc3-4)coc2n1,>,29.0
646,Nc1nc(N)c2c(CNc3ccc4c(c3)Cc3ccccc3-4)coc2n1,,36.2
647,COc1cc2c(cc1NCc1coc3nc(N)nc(N)c13)oc1ccccc12,,10.3
648,CCn1c2ccccc2c2cc(NCc3coc4nc(N)nc(N)c34)ccc21,,16.2
649,Nc1nc(N)c2c(CNc3ccc4c(c3)C(O)c3ccccc3-4)coc2n1,>,13.0
650,Nc1nc(N)c2c(CNc3ccc4c(c3)C(=O)c3ccccc3-4)coc2n1,>,63.0
651,Nc1nc(N)c2c(CNc3cccc4c3-c3ccccc3C4=O)coc2n1,,19.3
652,COc1cc2c(cc1N(C)Cc1coc3nc(N)nc(N)c13)oc1ccccc12,>,54.0
653,CCn1c2ccccc2c2cc(N(C)Cc3coc4nc(N)nc(N)c34)ccc21,,18.7
654,Nc1nc(N)c2c(CSc3ccccc3-c3ccccc3)coc2n1,,46.0
655,Nc1nc(N)c2c(CSc3cccc(-c4ccccc4)c3)coc2n1,,22.0
656,Nc1nc(N)c2c(CSc3ccc(-c4ccccc4)cc3)coc2n1,,41.0
657,Nc1nc(N)c2c(CSc3cccc(Oc4ccccc4)c3)coc2n1,,33.0
658,Nc1nc(N)c2c(CSc3ccccc3Oc3ccccc3)coc2n1,,14.0
659,Nc1nc(N)c2c(CSc3ccc(Oc4ccccc4)cc3)coc2n1,,25.0
660,Cc1[nH]c2nc(N)[nH]c(=O)c2c1Sc1ccc(Cl)cc1,,40.0
661,Cc1[nH]c2nc(N)[nH]c(=O)c2c1Sc1ccc(Cl)c(Cl)c1,>,20.0
662,Cc1[nH]c2nc(N)[nH]c(=O)c2c1Sc1ccc([N+](=O)[O-])cc1,>,15.0
663,COc1ccc(Sc2c(C)[nH]c3nc(N)[nH]c(=O)c23)cc1OC,>,21.0
664,COc1ccc(OC)c(NCc2c(C)[nH]c3nc(N)[nH]c(=O)c23)c1,,47.0
665,COc1cc(NCc2c(C)[nH]c3nc(N)[nH]c(=O)c23)cc(OC)c1,,20.0
666,COc1ccc(NCc2c(C)[nH]c3nc(N)[nH]c(=O)c23)c(OC)c1,,16.0
667,COc1cc(NCc2c(C)[nH]c3nc(N)[nH]c(=O)c23)cc(OC)c1OC,,22.0
668,Cc1[nH]c2nc(N)[nH]c(=O)c2c1CNc1cc(Cl)ccc1Cl,,25.0
669,Cc1[nH]c2nc(N)[nH]c(=O)c2c1CNc1cc(Cl)cc(Cl)c1,,66.2
670,Cc1[nH]c2nc(N)[nH]c(=O)c2c1CNc1ccc(Cl)cc1Cl,,15.0
671,Cc1[nH]c2nc(N)[nH]c(=O)c2c1CNc1cccc(Cl)c1,,26.0
672,COc1ccc(OC)c(N(C)Cc2c(C)[nH]c3nc(N)[nH]c(=O)c23)c1,,56.0
673,COc1cc(OC)cc(N(C)Cc2c(C)[nH]c3nc(N)[nH]c(=O)c23)c1,,87.0
674,COc1cc(N(C)Cc2c(C)[nH]c3nc(N)[nH]c(=O)c23)cc(OC)c1OC,,45.0
675,Nc1nc(N)c2nc(-c3ccccc3)[nH]c2n1,,153.0
676,COc1cc(-c2nc3c(N)nc(N)nc3[nH]2)cc(OC)c1OC,,59.4
677,COc1ccc(-c2nc3c(N)nc(N)nc3[nH]2)c(OC)c1OC,,17.0
678,COc1cc(OC)c(-c2nc3c(N)nc(N)nc3[nH]2)c(OC)c1,,31.5
679,COc1cc(OC)c(-c2nc3c(N)nc(N)nc3[nH]2)cc1OC,,22.0
680,COc1ccc(OC)c(-c2nc3c(N)nc(N)nc3[nH]2)c1,,37.4
681,COc1cc(OC)cc(-c2nc3c(N)nc(N)nc3[nH]2)c1,,9.0
682,COc1ccc(-c2nc3c(N)nc(N)nc3[nH]2)cc1OC,,12.0
683,COc1ccc(-c2nc3c(N)nc(N)nc3[nH]2)c(OC)c1,,14.0
684,Nc1nc(N)c2nc(-c3ccc(Cl)c(Cl)c3)[nH]c2n1,,19.5
685,Nc1nc(N)c2nc(-c3c(Cl)cccc3Cl)[nH]c2n1,,11.0
686,COc1cc(-c2nc3c(N)nc(N)nc3[nH]2)cc(OC)c1O,,68.0
687,COc1cc(-c2nc3c(N)nc(N)nc3[nH]2)c([N+](=O)[O-])cc1OC,,25.0
688,Nc1nc(N)c2nc(-c3ccc(-c4ccccc4)cc3)[nH]c2n1,,605.0
689,Nc1nc(N)c2nc(-c3ccncc3)[nH]c2n1,,18.0
690,Nc1nc(N)c2nc(-c3ccc4ccccc4c3)[nH]c2n1,,113.0
691,COc1ccc(-c2nc3c(N)nc(N)nc3[nH]2)c2ccccc12,,13.0
692,Nc1nc(N)c2[nH]c(C3C4C=CC=CC4C4C=CC=CC43)nc2n1,,35.0
693,Nc1nc(N)c2nc(Cc3ccccc3)[nH]c2n1,,9.8
694,COc1cc(NCc2nc3c(N)nc(N)nc3[nH]2)cc(OC)c1OC,,34.0
695,COc1ccc(OC)c(NCc2nc3c(N)nc(N)nc3[nH]2)c1,,29.0
696,Nc1nc(N)c2nc(CSc3ccc4ccccc4c3)[nH]c2n1,,105.0
697,COc1cc(CC2CCc3nc(N)nc(N)c32)cc(OC)c1OC,>,32.0
698,COc1cc(CCC2CCc3nc(N)nc(N)c32)cc(OC)c1OC,,1.8
699,COc1cc(CCCC2CCc3nc(N)nc(N)c32)cc(OC)c1OC,,1.3
700,COc1cc(Cc2cnc(N)nc2N)cc(OC)c1-n1cccc1,,12.8
701,COc1cc(Cc2cnc(N)nc2N)cc(OC)c1N1CCCC1,,50.2
702,Nc1ncc(Cc2cc(Cl)c(-n3cccc3)c(Cl)c2)c(N)n1,,6.4
703,CSc1cc(Cc2cnc(N)nc2N)cc(SC)c1-n1cccc1,,5.0
704,COc1cc(Cc2cnc(N)nc2N)cc(-n2cccc2)c1OC,,4.5
705,Cc1c(-n2c(C)ccc2C)cc(Cc2cnc(N)nc2N)cc1-n1c(C)ccc1C,,2.8
706,COc1c(-n2cccc2)cc(Cc2cnc(N)nc2N)cc1-n1cccc1,,1.7
707,COc1cc(Cc2cnc(N)nc2N)cc(OCc2ccccc2)c1-n1cccc1,,1.3
708,CCOc1cc(Cc2cnc(N)nc2N)cc(OCC)c1-n1cccc1,,0.8
709,COc1cc(Cc2cnc(N)nc2N)c(Br)c(OC)c1OC,,0.95
710,COc1cc(Cc2cnc(N)nc2N)c2c(c1OC)OCC=C2,,1.5
711,COc1cc(Cc2cnc(N)nc2N)cc(OC)c1OC,,12.0
712,CCCCCOc1ccc(OC)c(Cc2cnc(N)nc2N)c1,,19.0
713,CCCCCCOc1ccc(OC)c(Cc2cnc(N)nc2N)c1,,14.0
714,CCCCCCCOc1ccc(OC)c(Cc2cnc(N)nc2N)c1,,5.6
715,CCCCCCCCOc1ccc(OC)c(Cc2cnc(N)nc2N)c1,,44.0
716,CCCCCCCCCOc1ccc(OC)c(Cc2cnc(N)nc2N)c1,,51.0
717,COc1ccc(OCCCCC(=O)O)cc1Cc1cnc(N)nc1N,,0.049
718,COc1ccc(OCCCCCCC(=O)O)cc1Cc1cnc(N)nc1N,,2.6
719,COc1ccc(OCCCCCC(=O)O)cc1Cc1cnc(N)nc1N,,0.8
720,COc1ccc(OCCCCCCCC(=O)O)cc1Cc1cnc(N)nc1N,,7.1
721,COc1ccc(OCCCCCCCCC(=O)O)cc1Cc1cnc(N)nc1N,,4.8
722,COc1ccc(OCCCC(=O)O)cc1Cc1cnc(N)nc1N,,0.25
723,COc1cc(Cc2cnc(N)nc2N)cc(OCC(N)=O)c1Br,,14.0
724,COc1cc(N2CCc3c(c(=O)[nH]c4nc(N)nc(N)c34)C2)cc(OC)c1OC,>,5.0
725,COc1cc(N2C=C3C(=O)N=c4nc(N)nc(N)c4=C3CC2)cc(OC)c1OC,,1.28
726,COc1c(Cl)c(-n2ccc3c4c(N)nc(N)nc4nc(=O)c-3c2)c(Cl)c(OC)c1OC,>,1.0
727,COc1cc(N2CCc3c(cnc4nc(N)nc(N)c34)C2)cc(OC)c1OC,>,2.27
728,COc1cc(N2C=Cc3c(cnc4nc(N)nc(N)c34)C2)cc(OC)c1OC,,4.6
729,COc1cc(N2CCC3c4c(N)nc(N)nc4NCC3C2)cc(OC)c1OC,,2.2
730,COc1ccc2ccc3cc4c(N)nc(N)nc4nc3c2c1,>,1.85
731,COc1cc(CN2Cc3c(c4c(N)nc(N)nc4[nH]c3=O)C2)cc(OC)c1OC,,94.5
732,COc1cc(CN2C=C3C(=O)N=c4nc(N)nc(N)c4=C3C2)cc(OC)c1OC,,3.1
733,COc1cc(CN2Cc3cnc4nc(N)nc(N)c4c3C2)cc(OC)c1OC,,12.6
734,COc1cc(CN2Cc3c(c4c(N)nc(N)nc4[nH]c3=O)C2)cc(OC)c1OC,,94.5
735,COc1cc(CN2C=C3C(=O)N=c4nc(N)nc(N)c4=C3C2)cc(OC)c1OC,,3.1
736,COc1cc(CN2Cc3cnc4nc(N)nc(N)c4c3C2)cc(OC)c1OC,,12.6
737,Nc1nc(N)c2c(n1)C1CCC(C2)C1,,6.1
738,Nc1nc(N)c2c(n1)C1CCC2C1,,117.0
739,CC1(C)C2Cc3c(N)nc(N)nc3C1C2,,77.0
740,Nc1nc(N)c2c(n1)C1CCN2CC1,>,46.0
741,Nc1nc(N)c2c(n1)CC1CC(=O)CC2C1,,260.0
742,CCC=CCC1=C(C)Cc2c(N)nc(N)nc21,,176.0
743,Nc1nc(N)c2c(n1)-c1ccsc1CC2,>,352.0
744,Nc1nc(N)c2c(n1)-c1ccccc1C2,>,205.0
745,Nc1nc(N)c2cc3c(nc2n1)CCc1ccccc1-3,,0.65
746,COc1ccc2c(c1)-c1cc3c(N)nc(N)nc3nc1CC2,,0.22
747,COc1ccc2c(c1)CCc1nc3nc(N)nc(N)c3cc1-2,,7.7
748,Nc1nc(N)c2cc3c(ccc4ccccc43)nc2n1,,0.17
749,COc1ccc2ccc3nc4nc(N)nc(N)c4cc3c2c1,,0.7
750,Nc1nc(N)c2cc3c(nc2n1)-c1ccccc1CC3,,15.8
751,COc1ccc2c(c1)-c1nc3nc(N)nc(N)c3cc1CC2,,38.4
752,COc1cccc2c1CCc1cc3c(N)nc(N)nc3nc1-2,,8.6
753,COc1ccc2c(c1)CCc1cc3c(N)nc(N)nc3nc1-2,,6.7
754,Nc1nc(N)c2cc3ccc4ccccc4c3nc2n1,>,0.4
755,COc1ccc(Cc2cc(N)nc(N)n2)c(OC)c1OC,>,30.0
